{
  "quizzes": [
    {
      "name": "PCD-1",
      "questions": [
        {
          "question": "O que é uma thread?",
          "points": 5,
          "correct": 3,
          "options": [
            "Processo",
            "Aplicação",
            "Programa",
            "Processo Ligeiro"
          ]
        },
        {
          "question": "Qual destas opções não é um método bloqueante?",
          "points": 3,
          "correct": 2,
          "options": [
            "join()",
            "sleep(<millis>)",
            "interrupted()",
            "wait()"
          ]
        }
      ]
    }
  ]
}