[
  {
    "question": "O que é uma thread?",
    "points": 5,
    "correct": 3,
    "options": [
      "Processo",
      "Aplicação",
      "Programa",
      "Processo Ligeiro"
    ]
  },
  {
    "question": "Qual destas operações NÃO é um método bloqueante?",
    "points": 3,
    "correct": 2,
    "options": [
      "join()",
      "sleep(<millis>)",
      "interrupted()",
      "wait()"
    ]
  },
  {
    "question": "Qual é o mecanismo usado para exclusão mútua em Java?",
    "points": 4,
    "correct": 1,
    "options": [
      "semáforo",
      "synchronized",
      "ExecutorService",
      "ThreadPool"
    ]
  }
]
